# Name,      Type, SubType,  Offset,    Size,     Flags
nvs,         data, nvs,      0x9000,    0x6000,
otadata,     data, ota,      0xF000,    0x2000,
phy_init,    data, phy,      0x11000,   0x1000,
factory,     app,  factory,  0x20000,   0x280000,
updater,     app,  ota_3,    0x2A0000,  0x280000,
launcher,    app,  ota_0,    0x520000,  0x280000,
retro-core,  app,  ota_1,    0x7A0000,  0x280000,
prboom-go,   app,  ota_2,    0xA20000,  0x280000,
storage,     data, fat,      0xCA0000,  0x360000,
